{"cameraMode":{"drawMode":0,"name":"Shaded","section":"Shading Mode"},"sceneLighting":false,"audioPlay":false,"sceneViewState":{"m_AlwaysRefresh":false,"showFog":true,"showSkybox":false,"showFlares":false,"showImageEffects":true,"showParticleSystems":true,"showVisualEffectGraphs":true,"m_FxEnabled":true},"in2DMode":false,"pivot":{"x":0.7068740725517273,"y":1.659144401550293,"z":0.7930307388305664},"rotation":{"x":-0.00025738487602211535,"y":0.995779812335968,"z":-0.09219661355018616,"w":-0.00332165346480906},"size":4.784869194030762,"orthographic":false}