{"cameraMode":{"drawMode":0,"name":"Shaded","section":"Shading Mode"},"sceneLighting":false,"audioPlay":false,"sceneViewState":{"m_AlwaysRefresh":true,"showFog":true,"showSkybox":false,"showFlares":false,"showImageEffects":true,"showParticleSystems":true,"showVisualEffectGraphs":true,"m_FxEnabled":true},"in2DMode":false,"pivot":{"x":-0.22191166877746583,"y":-0.4915602207183838,"z":-0.03702891618013382},"rotation":{"x":0.22963698208332063,"y":0.6629437804222107,"z":-0.19838418066501618,"w":0.6844631433486939},"size":2.249999761581421,"orthographic":false}