{"cameraMode":{"drawMode":0,"name":"Shaded","section":"Shading Mode"},"sceneLighting":false,"audioPlay":false,"sceneViewState":{"m_AlwaysRefresh":false,"showFog":true,"showSkybox":false,"showFlares":false,"showImageEffects":true,"showParticleSystems":true,"showVisualEffectGraphs":true,"m_FxEnabled":true},"in2DMode":false,"pivot":{"x":30.320301055908204,"y":-57.524662017822269,"z":406.696044921875},"rotation":{"x":0.24922534823417664,"y":0.21111467480659486,"z":-0.03553611412644386,"w":0.9445288181304932},"size":17.507726669311525,"orthographic":false}