{"cameraMode":{"drawMode":0,"name":"Shaded","section":"Shading Mode"},"sceneLighting":false,"audioPlay":false,"sceneViewState":{"m_AlwaysRefresh":true,"showFog":true,"showSkybox":false,"showFlares":false,"showImageEffects":true,"showParticleSystems":true,"showVisualEffectGraphs":true,"m_FxEnabled":true},"in2DMode":false,"pivot":{"x":22.423694610595704,"y":3.0048437118530275,"z":0.8351202011108398},"rotation":{"x":-0.16670182347297669,"y":-0.32563769817352297,"z":0.05859814211726189,"w":-0.9288504123687744},"size":5.785398483276367,"orthographic":false}