{"cameraMode":{"drawMode":0,"name":"Shaded","section":"Shading Mode"},"sceneLighting":false,"audioPlay":false,"sceneViewState":{"m_AlwaysRefresh":false,"showFog":true,"showSkybox":false,"showFlares":false,"showImageEffects":true,"showParticleSystems":true,"showVisualEffectGraphs":true,"m_FxEnabled":true},"in2DMode":false,"pivot":{"x":0.6192337870597839,"y":2.3649163246154787,"z":-0.09576082229614258},"rotation":{"x":0.0027942040469497444,"y":0.9972100853919983,"z":-0.05322560295462608,"w":0.05238619074225426},"size":2.75062894821167,"orthographic":false}