{"cameraMode":{"drawMode":0,"name":"Shaded","section":"Shading Mode"},"sceneLighting":false,"audioPlay":false,"sceneViewState":{"m_AlwaysRefresh":false,"showFog":false,"showSkybox":false,"showFlares":false,"showImageEffects":false,"showParticleSystems":false,"showVisualEffectGraphs":true,"m_FxEnabled":true},"in2DMode":false,"pivot":{"x":-1.0630764961242676,"y":0.3842524290084839,"z":-0.6385016441345215},"rotation":{"x":-0.0042317514307796959,"y":0.9724168181419373,"z":-0.23263883590698243,"w":-0.0175124891102314},"size":1.6739624738693238,"orthographic":false}