{"cameraMode":{"drawMode":0,"name":"Shaded","section":"Shading Mode"},"sceneLighting":false,"audioPlay":false,"sceneViewState":{"m_AlwaysRefresh":false,"showFog":true,"showSkybox":false,"showFlares":false,"showImageEffects":true,"showParticleSystems":true,"showVisualEffectGraphs":true,"m_FxEnabled":true},"in2DMode":false,"pivot":{"x":-3.4048221111297609,"y":-1.2865476608276368,"z":-1.1371586322784424},"rotation":{"x":0.16404737532138825,"y":-0.6769829392433167,"z":0.15877680480480195,"w":0.6997513771057129},"size":2.8937034606933595,"orthographic":false}