{"cameraMode":{"drawMode":0,"name":"Shaded","section":"Shading Mode"},"sceneLighting":true,"audioPlay":false,"sceneViewState":{"m_AlwaysRefresh":true,"showFog":true,"showSkybox":false,"showFlares":false,"showImageEffects":true,"showParticleSystems":true,"showVisualEffectGraphs":true,"m_FxEnabled":true},"in2DMode":false,"pivot":{"x":732.7928466796875,"y":335.7966613769531,"z":604.8775634765625},"rotation":{"x":0.04489011690020561,"y":-0.014953861944377423,"z":0.017085857689380647,"w":0.9987484812736511},"size":967.6195068359375,"orthographic":false}