{"cameraMode":{"drawMode":0,"name":"Shaded","section":"Shading Mode"},"sceneLighting":false,"audioPlay":false,"sceneViewState":{"m_AlwaysRefresh":false,"showFog":true,"showSkybox":false,"showFlares":false,"showImageEffects":true,"showParticleSystems":true,"showVisualEffectGraphs":true,"m_FxEnabled":true},"in2DMode":false,"pivot":{"x":0.22304168343544007,"y":2.632714033126831,"z":-0.8673367500305176},"rotation":{"x":0.0008857061038725078,"y":0.9991170763969421,"z":0.02315809391438961,"w":-0.03631434962153435},"size":2.458810567855835,"orthographic":false}