{"cameraMode":{"drawMode":0,"name":"Shaded","section":"Shading Mode"},"sceneLighting":false,"audioPlay":false,"sceneViewState":{"m_AlwaysRefresh":false,"showFog":true,"showSkybox":false,"showFlares":false,"showImageEffects":true,"showParticleSystems":true,"showVisualEffectGraphs":true,"m_FxEnabled":true},"in2DMode":false,"pivot":{"x":0.9072912931442261,"y":1.908782720565796,"z":0.628966748714447},"rotation":{"x":0.015287484973669052,"y":0.9831319451332092,"z":-0.15394388139247895,"w":0.0976337194442749},"size":2.9655251502990724,"orthographic":false}