{"cameraMode":{"drawMode":0,"name":"Shaded","section":"Shading Mode"},"sceneLighting":false,"audioPlay":false,"sceneViewState":{"m_AlwaysRefresh":false,"showFog":true,"showSkybox":false,"showFlares":false,"showImageEffects":true,"showParticleSystems":true,"showVisualEffectGraphs":true,"m_FxEnabled":true},"in2DMode":false,"pivot":{"x":-0.7726765275001526,"y":-0.1957617998123169,"z":-4.7468438148498539},"rotation":{"x":-0.0033863158896565439,"y":0.9936264753341675,"z":-0.10856186598539353,"w":-0.03164701536297798},"size":4.207394599914551,"orthographic":false}