{"cameraMode":{"drawMode":0,"name":"Shaded","section":"Shading Mode"},"sceneLighting":false,"audioPlay":false,"sceneViewState":{"m_AlwaysRefresh":false,"showFog":true,"showSkybox":false,"showFlares":true,"showImageEffects":true,"showParticleSystems":true,"showVisualEffectGraphs":true,"m_FxEnabled":true},"in2DMode":false,"pivot":{"x":60.951229095458987,"y":14.780599594116211,"z":207.89776611328126},"rotation":{"x":-0.08749289065599442,"y":-0.44280123710632326,"z":0.043413951992988589,"w":-0.8914583325386047},"size":1.3435314893722535,"orthographic":false}