{"cameraMode":{"drawMode":0,"name":"Shaded","section":"Shading Mode"},"sceneLighting":false,"audioPlay":false,"sceneViewState":{"m_AlwaysRefresh":true,"showFog":true,"showSkybox":false,"showFlares":false,"showImageEffects":true,"showParticleSystems":true,"showVisualEffectGraphs":true,"m_FxEnabled":true},"in2DMode":false,"pivot":{"x":1.1722183227539063,"y":-2.2836766242980959,"z":0.05438351631164551},"rotation":{"x":0.14644017815589906,"y":-0.7558541297912598,"z":0.18057218194007874,"w":0.6121063232421875},"size":5.100017547607422,"orthographic":false}