{"cameraMode":{"drawMode":0,"name":"Shaded","section":"Shading Mode"},"sceneLighting":false,"audioPlay":false,"sceneViewState":{"m_AlwaysRefresh":true,"showFog":true,"showSkybox":false,"showFlares":true,"showImageEffects":true,"showParticleSystems":true,"showVisualEffectGraphs":true,"m_FxEnabled":true},"in2DMode":false,"pivot":{"x":-3.0610601902008058,"y":-7.599993705749512,"z":13.892833709716797},"rotation":{"x":0.27092137932777407,"y":-0.07210630178451538,"z":0.020301945507526399,"w":0.9598316550254822},"size":17.973098754882814,"orthographic":false}