{"cameraMode":{"drawMode":0,"name":"Shaded","section":"Shading Mode"},"sceneLighting":false,"audioPlay":false,"sceneViewState":{"m_AlwaysRefresh":false,"showFog":true,"showSkybox":false,"showFlares":false,"showImageEffects":true,"showParticleSystems":true,"showVisualEffectGraphs":true,"m_FxEnabled":true},"in2DMode":false,"pivot":{"x":25.272293090820314,"y":-7.2674665451049809,"z":26.879703521728517},"rotation":{"x":0.11741180717945099,"y":0.36946216225624087,"z":-0.04705343768000603,"w":0.9206424951553345},"size":26.295698165893556,"orthographic":false}