{"cameraMode":{"drawMode":0,"name":"Shaded","section":"Shading Mode"},"sceneLighting":false,"audioPlay":false,"sceneViewState":{"m_AlwaysRefresh":false,"showFog":true,"showSkybox":false,"showFlares":false,"showImageEffects":true,"showParticleSystems":true,"showVisualEffectGraphs":true,"m_FxEnabled":true},"in2DMode":false,"pivot":{"x":0.17424823343753816,"y":3.3867249488830568,"z":-0.2580904960632324},"rotation":{"x":-0.00011898494994966313,"y":0.9970180988311768,"z":-0.07724735885858536,"w":-0.001511079492047429},"size":2.665525197982788,"orthographic":false}