{"cameraMode":{"drawMode":0,"name":"Shaded","section":"Shading Mode"},"sceneLighting":false,"audioPlay":false,"sceneViewState":{"m_AlwaysRefresh":true,"showFog":true,"showSkybox":false,"showFlares":true,"showImageEffects":true,"showParticleSystems":true,"showVisualEffectGraphs":true,"m_FxEnabled":true},"in2DMode":false,"pivot":{"x":-6.944080829620361,"y":0.26996278762817385,"z":30.507389068603517},"rotation":{"x":-0.09493163228034973,"y":-0.02447737194597721,"z":0.0023441798985004427,"w":-0.9952004551887512},"size":7.272209644317627,"orthographic":false}