{"cameraMode":{"drawMode":0,"name":"Shaded","section":"Shading Mode"},"sceneLighting":false,"audioPlay":false,"sceneViewState":{"m_AlwaysRefresh":true,"showFog":true,"showSkybox":false,"showFlares":false,"showImageEffects":true,"showParticleSystems":true,"showVisualEffectGraphs":true,"m_FxEnabled":true},"in2DMode":false,"pivot":{"x":3.8899972438812258,"y":2.6023061275482179,"z":9.539984703063965},"rotation":{"x":-0.060470450669527057,"y":-0.9320195913314819,"z":0.18474139273166657,"w":-0.30587178468704226},"size":2.2761824131011965,"orthographic":false}