{"cameraMode":{"drawMode":0,"name":"Shaded","section":"Shading Mode"},"sceneLighting":false,"audioPlay":false,"sceneViewState":{"m_AlwaysRefresh":true,"showFog":true,"showSkybox":false,"showFlares":false,"showImageEffects":true,"showParticleSystems":true,"showVisualEffectGraphs":true,"m_FxEnabled":true},"in2DMode":false,"pivot":{"x":72.26803588867188,"y":-49.495052337646487,"z":79.13198852539063},"rotation":{"x":-0.16633839905261994,"y":0.016265643760561944,"z":-0.0025686759036034347,"w":-0.985956072807312},"size":16.890201568603517,"orthographic":false}