{"cameraMode":{"drawMode":0,"name":"Shaded","section":"Shading Mode"},"sceneLighting":false,"audioPlay":false,"sceneViewState":{"m_AlwaysRefresh":false,"showFog":true,"showSkybox":false,"showFlares":false,"showImageEffects":true,"showParticleSystems":true,"showVisualEffectGraphs":true,"m_FxEnabled":true},"in2DMode":false,"pivot":{"x":0.10199964046478272,"y":-0.2990000247955322,"z":0.004999399185180664},"rotation":{"x":0.0937986969947815,"y":-0.6745126843452454,"z":0.08706234395503998,"w":0.727141797542572},"size":3.1869735717773439,"orthographic":false}