{"cameraMode":{"drawMode":0,"name":"Shaded","section":"Shading Mode"},"sceneLighting":false,"audioPlay":false,"sceneViewState":{"m_AlwaysRefresh":false,"showFog":true,"showSkybox":false,"showFlares":true,"showImageEffects":true,"showParticleSystems":true,"showVisualEffectGraphs":true,"m_FxEnabled":true},"in2DMode":false,"pivot":{"x":-6.202610492706299,"y":1.4893372058868409,"z":-12.997978210449219},"rotation":{"x":0.00997663103044033,"y":-0.9861387014389038,"z":0.15241992473602296,"w":0.06808263808488846},"size":4.128859996795654,"orthographic":false}