{"cameraMode":{"drawMode":0,"name":"Shaded","section":"Shading Mode"},"sceneLighting":false,"audioPlay":false,"sceneViewState":{"m_AlwaysRefresh":true,"showFog":true,"showSkybox":false,"showFlares":false,"showImageEffects":true,"showParticleSystems":true,"showVisualEffectGraphs":true,"m_FxEnabled":true},"in2DMode":false,"pivot":{"x":395.789306640625,"y":225.36708068847657,"z":870.1018676757813},"rotation":{"x":0.03397941216826439,"y":0.035715486854314807,"z":0.015286929905414582,"w":0.9987019300460815},"size":828.0724487304688,"orthographic":false}