{"cameraMode":{"drawMode":0,"name":"Shaded","section":"Shading Mode"},"sceneLighting":false,"audioPlay":false,"sceneViewState":{"m_AlwaysRefresh":false,"showFog":true,"showSkybox":false,"showFlares":false,"showImageEffects":true,"showParticleSystems":true,"showVisualEffectGraphs":true,"m_FxEnabled":true},"in2DMode":false,"pivot":{"x":0.20930075645446778,"y":1.4319499731063843,"z":0.3930845260620117},"rotation":{"x":0.007889160886406899,"y":0.9923280477523804,"z":-0.08586088567972183,"w":0.0892050713300705},"size":1.2124357223510743,"orthographic":false}