{"cameraMode":{"drawMode":0,"name":"Shaded","section":"Shading Mode"},"sceneLighting":false,"audioPlay":false,"sceneViewState":{"m_AlwaysRefresh":true,"showFog":true,"showSkybox":false,"showFlares":false,"showImageEffects":true,"showParticleSystems":true,"showVisualEffectGraphs":true,"m_FxEnabled":true},"in2DMode":false,"pivot":{"x":128.81053161621095,"y":296.5870361328125,"z":54.033695220947269},"rotation":{"x":0.036552030593156818,"y":0.00878908857703209,"z":0.016168752685189248,"w":0.999197781085968},"size":727.7740478515625,"orthographic":false}