{"cameraMode":{"drawMode":0,"name":"Shaded","section":"Shading Mode"},"sceneLighting":false,"audioPlay":false,"sceneViewState":{"m_AlwaysRefresh":false,"showFog":true,"showSkybox":false,"showFlares":false,"showImageEffects":true,"showParticleSystems":true,"showVisualEffectGraphs":true,"m_FxEnabled":true},"in2DMode":false,"pivot":{"x":-0.017003178596496583,"y":0.7471848726272583,"z":-0.49617862701416018},"rotation":{"x":0.01833382248878479,"y":0.9747613668441773,"z":-0.08730151504278183,"w":0.2046918421983719},"size":1.6237976551055909,"orthographic":false}