{"cameraMode":{"drawMode":0,"name":"Shaded","section":"Shading Mode"},"sceneLighting":false,"audioPlay":false,"sceneViewState":{"m_AlwaysRefresh":true,"showFog":true,"showSkybox":false,"showFlares":false,"showImageEffects":true,"showParticleSystems":true,"showVisualEffectGraphs":true,"m_FxEnabled":true},"in2DMode":false,"pivot":{"x":0.6312103271484375,"y":-0.3456535339355469,"z":4.202841758728027},"rotation":{"x":-0.41611623764038088,"y":-0.040856778621673587,"z":0.018907099962234498,"w":-0.9082227349281311},"size":13.365608215332032,"orthographic":false}