{"cameraMode":{"drawMode":0,"name":"Shaded","section":"Shading Mode"},"sceneLighting":false,"audioPlay":false,"sceneViewState":{"m_AlwaysRefresh":false,"showFog":true,"showSkybox":false,"showFlares":false,"showImageEffects":true,"showParticleSystems":true,"showVisualEffectGraphs":true,"m_FxEnabled":true},"in2DMode":false,"pivot":{"x":-33.107051849365237,"y":-21.082014083862306,"z":-33.43375778198242},"rotation":{"x":0.0007546484703198075,"y":0.988273561000824,"z":-0.1532323658466339,"w":0.005649042781442404},"size":2.674245595932007,"orthographic":false}