{"cameraMode":{"drawMode":0,"name":"Shaded","section":"Shading Mode"},"sceneLighting":false,"audioPlay":false,"sceneViewState":{"m_AlwaysRefresh":false,"showFog":true,"showSkybox":false,"showFlares":false,"showImageEffects":true,"showParticleSystems":true,"showVisualEffectGraphs":true,"m_FxEnabled":true},"in2DMode":false,"pivot":{"x":0.07207250595092774,"y":2.6612794399261476,"z":-0.38887691497802737},"rotation":{"x":-0.0000054254101087281018,"y":0.996673583984375,"z":-0.0817343071103096,"w":-0.000015215021448966581},"size":3.037795066833496,"orthographic":false}