{"cameraMode":{"drawMode":0,"name":"Shaded","section":"Shading Mode"},"sceneLighting":false,"audioPlay":false,"sceneViewState":{"m_AlwaysRefresh":true,"showFog":true,"showSkybox":false,"showFlares":false,"showImageEffects":true,"showParticleSystems":true,"showVisualEffectGraphs":true,"m_FxEnabled":true},"in2DMode":false,"pivot":{"x":4.0562639236450199,"y":0.14102651178836823,"z":0.6696279644966126},"rotation":{"x":0.012127473950386048,"y":-0.759821891784668,"z":0.014404740184545517,"w":0.650085985660553},"size":0.7191377282142639,"orthographic":false}