{"cameraMode":{"drawMode":0,"name":"Shaded","section":"Shading Mode"},"sceneLighting":false,"audioPlay":false,"sceneViewState":{"m_AlwaysRefresh":false,"showFog":true,"showSkybox":false,"showFlares":false,"showImageEffects":true,"showParticleSystems":true,"showVisualEffectGraphs":true,"m_FxEnabled":true},"in2DMode":false,"pivot":{"x":0.25451886653900149,"y":0.9945425987243652,"z":-0.4556708335876465},"rotation":{"x":0.018118148669600488,"y":0.9812086820602417,"z":-0.15365368127822877,"w":0.11621860414743424},"size":2.1073949337005617,"orthographic":false}