{"cameraMode":{"drawMode":0,"name":"Shaded","section":"Shading Mode"},"sceneLighting":false,"audioPlay":false,"sceneViewState":{"m_AlwaysRefresh":false,"showFog":false,"showSkybox":false,"showFlares":false,"showImageEffects":false,"showParticleSystems":false,"showVisualEffectGraphs":true,"m_FxEnabled":true},"in2DMode":false,"pivot":{"x":0.0007256968528963625,"y":0.069011390209198,"z":-0.045102424919605258},"rotation":{"x":-0.014944516122341156,"y":-0.984449028968811,"z":0.1030624583363533,"w":-0.1418095827102661},"size":0.8458539843559265,"orthographic":false}