{"cameraMode":{"drawMode":0,"name":"Shaded","section":"Shading Mode"},"sceneLighting":false,"audioPlay":false,"sceneViewState":{"m_AlwaysRefresh":true,"showFog":true,"showSkybox":false,"showFlares":true,"showImageEffects":true,"showParticleSystems":true,"showVisualEffectGraphs":true,"m_FxEnabled":true},"in2DMode":false,"pivot":{"x":-0.6627939343452454,"y":1.9940811395645142,"z":0.9404131770133972},"rotation":{"x":0.03888271376490593,"y":0.9604446291923523,"z":-0.21285796165466309,"w":0.1753750443458557},"size":2.9261748790740969,"orthographic":false}