{"cameraMode":{"drawMode":0,"name":"Shaded","section":"Shading Mode"},"sceneLighting":false,"audioPlay":false,"sceneViewState":{"m_AlwaysRefresh":true,"showFog":true,"showSkybox":false,"showFlares":false,"showImageEffects":true,"showParticleSystems":true,"showVisualEffectGraphs":true,"m_FxEnabled":true},"in2DMode":false,"pivot":{"x":5.050814151763916,"y":5.988277435302734,"z":-0.7997896671295166},"rotation":{"x":0.35221561789512637,"y":-0.5685534477233887,"z":0.32360804080963137,"w":0.6694855690002441},"size":0.30001741647720339,"orthographic":false}