{"cameraMode":{"drawMode":0,"name":"Shaded","section":"Shading Mode"},"sceneLighting":false,"audioPlay":false,"sceneViewState":{"m_AlwaysRefresh":true,"showFog":true,"showSkybox":false,"showFlares":false,"showImageEffects":true,"showParticleSystems":true,"showVisualEffectGraphs":true,"m_FxEnabled":true},"in2DMode":false,"pivot":{"x":60.70536804199219,"y":13.830883026123047,"z":207.57595825195313},"rotation":{"x":-0.060470450669527057,"y":-0.9320195913314819,"z":0.18474139273166657,"w":-0.30587178468704226},"size":1.3435314893722535,"orthographic":false}