{"cameraMode":{"drawMode":0,"name":"Shaded","section":"Shading Mode"},"sceneLighting":false,"audioPlay":false,"sceneViewState":{"m_AlwaysRefresh":true,"showFog":true,"showSkybox":false,"showFlares":true,"showImageEffects":true,"showParticleSystems":true,"showVisualEffectGraphs":true,"m_FxEnabled":true},"in2DMode":false,"pivot":{"x":-0.5374336838722229,"y":2.7640204429626467,"z":3.7646737098693849},"rotation":{"x":0.002676738193258643,"y":0.9917575716972351,"z":-0.12836144864559174,"w":0.018269840627908708},"size":3.6085357666015627,"orthographic":false}